{
  "test_accuracy": 0.5193428722840487,
  "test_precision": 0.09829059829059829,
  "test_recall": 0.5935483870967742,
  "test_f1": 0.1686526122823098,
  "test_roc_auc": 0.5690717425314759,
  "test_pr_auc": 0.10577474112770965,
  "best_val_f1": 0.1975560081466395,
  "best_val_precision": 0.11829268292682926,
  "best_val_recall": 0.5987654320987654,
  "best_epoch": 1,
  "total_epochs": 11,
  "decision_threshold": 0.5209516932566961,
  "training_time_seconds": 41.52381873130798,
  "timestamp": "2025-10-09T14:44:44.857813"
}